aalanov,5
agolovin,4
asalnikov,5
dgraphov,148
dlyubimov,117
gpanchishen,7
iguliaev,63
ilevin,2
otrenkin,16
ptaranov,29
syuzvinsky,2
vkatunin,10
vkotov,37
vkuchuk,84
yvpyasetskiy,37
agerke,5
baueran,196
bayeran,15
bednarzse,6
dogance,148
doychevza,125
dvb,90
forkelst,4
fresento,68
friedl,14
habelitzth,108
hadi,56
heinz,289
heinzeti,195
heuserma,11
hg,83
hofmannka,220
hopesth,15
hossainri,44
kleine,310
kreilmi,64
liextzh,4
luetjenje,92
maecklerni,132
murrma,37
pechervo,32
prohaskajo,105
puschgu,37
radikesa,110
riedelin,148
schedelan,72
schloemeth,31
schmittk,29
selivanoig,91
sschedel,62
timmmo,83
trapperch,112
vazquezad,34
vogtch,93
weggenti,37
wirdeierbe,4
zeitler,56
